accuracy,loss,val_accuracy,val_loss,learning_rate
0.8635057210922241,0.36850208044052124,0.8323699235916138,0.7458459138870239,9.999999747378752e-06
0.8606321811676025,0.3809784948825836,0.8381502628326416,0.7434764504432678,9.999999747378752e-06
0.8663793206214905,0.3828945755958557,0.8381502628326416,0.74195396900177,9.999999747378752e-06
0.8635057210922241,0.37708768248558044,0.8381502628326416,0.7401691675186157,9.999999747378752e-06
0.8433908224105835,0.40255334973335266,0.8381502628326416,0.7391602396965027,9.999999747378752e-06
0.8649425506591797,0.3982622027397156,0.8381502628326416,0.7380658388137817,9.999999747378752e-06
0.8793103694915771,0.3546682298183441,0.8381502628326416,0.7367901802062988,9.999999747378752e-06
0.8534482717514038,0.3775985538959503,0.8381502628326416,0.7360474467277527,9.999999747378752e-06
